{
  "mood": 0.6,
  "attachment": 0.3,
  "energy": 0.7,
  "curiosity": 0.6500000000000001,
  "last_interaction": "2026-02-08T10:47:54.877205",
  "interaction_count": 3
}