{
  "mood": 0.6,
  "attachment": 0.3,
  "energy": 0.7,
  "curiosity": 0.6500000000000001,
  "last_interaction": "2026-02-07T20:20:54.412812",
  "interaction_count": 3
}